{
  "0": -0.12046009302139282,
  "1": 0.1362580806016922,
  "2": 0.013743591494858265,
  "3": -0.030071673914790154,
  "4": -0.07489824295043945,
  "5": -0.07377289980649948,
  "6": -0.018676521256566048,
  "7": -0.13236160576343536,
  "8": 0.18523317575454712,
  "9": -0.07009017467498779,
  "10": 0.2282978743314743,
  "11": -0.041312605142593384,
  "12": -0.18685278296470642,
  "13": -0.11001743376255035,
  "14": -0.05376238375902176,
  "15": 0.19218763709068298,
  "16": -0.14969897270202637,
  "17": -0.13487054407596588,
  "18": -0.04283043369650841,
  "19": 0.004087775480002165,
  "20": 0.13524936139583588,
  "21": -0.04923341050744057,
  "22": -0.031109727919101715,
  "23": 0.11699198931455612,
  "24": -0.08177560567855835,
  "25": -0.3136749863624573,
  "26": -0.08567576110363007,
  "27": -0.05691753700375557,
  "28": 0.08133728802204132,
  "29": -0.013080739416182041,
  "30": -0.06634750962257385,
  "31": -0.025079485028982162,
  "32": -0.20057490468025208,
  "33": -0.128346785902977,
  "34": 0.023436563089489937,
  "35": 0.04923999682068825,
  "36": 0.008218410424888134,
  "37": -0.0034009076189249754,
  "38": 0.1903783231973648,
  "39": -0.009684164077043533,
  "40": -0.2412094622850418,
  "41": 0.015112758614122868,
  "42": 0.05376899614930153,
  "43": 0.25397878885269165,
  "44": 0.19927754998207092,
  "45": 0.11413038522005081,
  "46": 0.03871987760066986,
  "47": -0.10839344561100006,
  "48": 0.07646158337593079,
  "49": -0.20752882957458496,
  "50": 0.0451013408601284,
  "51": 0.1627615988254547,
  "52": 0.1286144256591797,
  "53": 0.0632321760058403,
  "54": -0.039410822093486786,
  "55": -0.18584784865379333,
  "56": -0.016952428966760635,
  "57": 0.13498513400554657,
  "58": -0.21207892894744873,
  "59": 0.03141740709543228,
  "60": 0.08045081794261932,
  "61": -0.04667229577898979,
  "62": -0.019059985876083374,
  "63": -0.03457614779472351,
  "64": 0.2829836308956146,
  "65": 0.10873772203922272,
  "66": -0.16865523159503937,
  "67": -0.1347322314977646,
  "68": 0.13593363761901855,
  "69": -0.18133069574832916,
  "70": -0.03750224411487579,
  "71": -0.016092661768198013,
  "72": -0.1344800591468811,
  "73": -0.1920655369758606,
  "74": -0.34883177280426025,
  "75": 0.07339582592248917,
  "76": 0.4252249598503113,
  "77": 0.15978874266147614,
  "78": -0.20233920216560364,
  "79": 0.038230400532484055,
  "80": -0.09607905894517899,
  "81": 0.05158170685172081,
  "82": 0.12721936404705048,
  "83": 0.10344743728637695,
  "84": -0.03612162172794342,
  "85": 0.005984673276543617,
  "86": -0.07502729445695877,
  "87": -0.0409717783331871,
  "88": 0.1588359922170639,
  "89": -0.03226747363805771,
  "90": -0.006219583097845316,
  "91": 0.2209181934595108,
  "92": 0.003790454939007759,
  "93": 0.06250857561826706,
  "94": -0.027321849018335342,
  "95": 0.06046660989522934,
  "96": -0.099951833486557,
  "97": 0.030581844970583916,
  "98": -0.12084561586380005,
  "99": -0.00886800978332758,
  "100": -0.0062995795160532,
  "101": 0.03746412321925163,
  "102": 0.0935068279504776,
  "103": 0.13219764828681946,
  "104": -0.1691296547651291,
  "105": 0.12020814418792725,
  "106": 0.002100481651723385,
  "107": 0.03560683876276016,
  "108": -0.017499849200248718,
  "109": 0.05943695455789566,
  "110": -0.11416593939065933,
  "111": -0.12352349609136581,
  "112": 0.09660197049379349,
  "113": -0.1659170687198639,
  "114": 0.24284477531909943,
  "115": 0.19117997586727142,
  "116": 0.04183196648955345,
  "117": 0.1315503716468811,
  "118": 0.15487326681613922,
  "119": 0.07970813661813736,
  "120": 0.05458999052643776,
  "121": -0.003617451526224613,
  "122": -0.13281284272670746,
  "123": -0.0042705535888671875,
  "124": 0.10407081991434097,
  "125": -0.09542238712310791,
  "126": 0.13868314027786255,
  "127": 0.010334966704249382
}
